Model,Accuracy,Precision,Recall,F1-Score,AUC-ROC
Logistic Regression,0.844925533548288,0.7120060790273556,0.5975765306122449,0.6497919556171984,0.9005042069911888
KNN,0.8366344234607708,0.6836734693877551,0.5982142857142857,0.638095238095238,0.8700418893543261
SVM,0.8450790726239829,0.7145049884881044,0.59375,0.6485545106234761,0.8979981325189328
Decision Tree,0.8198986642100414,0.6284970722186076,0.6160714285714286,0.6222222222222222,0.7699679897236953
Random Forest,0.8513741747274681,0.7170767004341534,0.6320153061224489,0.671864406779661,0.8996736422071356
